Id;Sexo;Estado_Civil;nse;N_llamadas;Minutos_Consum;Antig_Cliente;Plan;Producto;Flag_Comp
1;Femenino;Divorciado;A;28;750;3;6;Pospago;0
2;Femenino;Divorciado;C;4;324;14;4;Migrado;1
3;Femenino;Soltero;D;20;101;9;6;Control;0
4;Masculino;Casado;A;14;141;29;5;Control;0
5;Femenino;Soltero;C;6;57;8;2;Migrado;0
6;Masculino;Soltero;D;36;430;14;6;Control;1
7;Femenino;Soltero;B;38;32;7;3;Migrado;0
8;Masculino;Divorciado;C;45;341;20;6;Migrado;0
9;Masculino;Divorciado;B;49;273;34;5;Pospago;1
10;Masculino;Soltero;C;35;64;19;5;Pospago;1
11;Femenino;Soltero;C;0;212;33;3;Pospago;0
12;Femenino;Soltero;B;39;126;5;2;Migrado;1
13;Masculino;Casado;C;22;271;24;6;Control;0
14;Femenino;Divorciado;D;9;133;28;6;Pospago;1
15;Femenino;Soltero;D;35;372;6;1;Control;1
16;Masculino;Casado;B;29;143;18;3;Control;0
17;Femenino;Casado;C;18;224;19;6;Migrado;0
18;Masculino;Divorciado;C;13;261;24;4;Pospago;0
19;Masculino;Casado;D;12;344;33;2;Pospago;0
20;Masculino;Casado;D;47;438;31;4;Control;1
21;Femenino;Soltero;C;25;373;34;3;Control;1
22;Femenino;Casado;A;50;150;33;2;Control;1
23;Masculino;Casado;D;31;154;5;1;Migrado;0
24;Masculino;Casado;A;11;198;14;5;Control;1
25;Masculino;Soltero;D;32;440;30;5;Pospago;0
26;Femenino;Divorciado;D;27;254;13;3;Migrado;1
27;Masculino;Casado;A;3;300;35;2;Migrado;0
28;Masculino;Divorciado;C;45;235;30;5;Migrado;1
29;Femenino;Soltero;A;12;478;19;1;Pospago;1
30;Masculino;Soltero;D;14;86;33;4;Migrado;0
31;Femenino;Casado;C;7;257;16;6;Control;0
32;Femenino;Divorciado;D;29;184;10;1;Migrado;0
33;Femenino;Soltero;A;38;123;25;6;Migrado;1
34;Femenino;Divorciado;C;12;272;19;4;Pospago;0
35;Femenino;Divorciado;A;23;481;32;5;Migrado;1
36;Femenino;Divorciado;D;45;120;15;3;Migrado;1
37;Femenino;Divorciado;D;19;195;30;2;Pospago;1
38;Femenino;Casado;A;3;408;8;4;Migrado;1
39;Masculino;Divorciado;B;10;86;20;5;Pospago;1
40;Masculino;Casado;C;10;99;21;1;Migrado;0
41;Femenino;Divorciado;D;11;306;11;2;Control;0
42;Masculino;Soltero;C;27;58;26;1;Control;1
43;Femenino;Soltero;C;31;359;10;3;Migrado;0
44;Masculino;Divorciado;D;3;110;26;5;Migrado;1
45;Masculino;Divorciado;B;34;173;30;4;Pospago;1
46;Masculino;Divorciado;B;25;309;32;6;Control;1
47;Femenino;Divorciado;D;50;84;35;2;Migrado;1
48;Femenino;Soltero;B;45;297;33;1;Control;0
49;Femenino;Soltero;D;45;344;4;5;Control;1
50;Femenino;Casado;B;39;306;32;5;Control;1
51;Femenino;Casado;C;43;167;26;3;Control;1
52;Masculino;Casado;C;31;36;36;5;Migrado;0
53;Femenino;Soltero;A;22;246;11;6;Migrado;1
54;Femenino;Soltero;B;26;231;10;3;Migrado;0
55;Femenino;Soltero;D;15;298;24;1;Migrado;0
56;Femenino;Casado;B;32;330;17;1;Control;0
57;Femenino;Casado;C;28;204;29;4;Pospago;0
58;Femenino;Soltero;A;31;410;23;6;Pospago;1
59;Masculino;Soltero;C;49;144;11;4;Control;1
60;Femenino;Divorciado;B;25;370;21;1;Control;0
61;Femenino;Divorciado;D;12;430;23;4;Pospago;1
62;Masculino;Soltero;D;13;460;31;2;Control;0
63;Femenino;Divorciado;D;14;360;3;3;Migrado;0
64;Femenino;Soltero;C;25;369;12;1;Control;1
65;Masculino;Soltero;D;21;334;17;4;Pospago;0
66;Masculino;Casado;C;3;450;9;5;Migrado;0
67;Masculino;Casado;B;21;100;7;4;Control;1
68;Masculino;Soltero;C;9;412;34;4;Migrado;1
69;Masculino;Soltero;D;21;500;15;5;Pospago;0
70;Femenino;Soltero;C;27;333;31;3;Migrado;0
71;Femenino;Divorciado;D;40;190;17;2;Control;0
72;Masculino;Casado;A;24;493;34;5;Migrado;0
73;Femenino;Casado;D;17;384;25;5;Migrado;0
74;Femenino;Soltero;A;36;137;23;5;Migrado;1
75;Masculino;Soltero;C;32;241;18;2;Control;0
76;Femenino;Casado;B;24;460;21;4;Migrado;0
77;Masculino;Soltero;D;22;310;23;6;Control;0
78;Femenino;Casado;C;13;433;22;6;Control;1
79;Femenino;Soltero;A;5;74;18;1;Control;1
80;Masculino;Soltero;C;44;91;21;2;Pospago;0
81;Femenino;Divorciado;B;39;125;5;4;Migrado;1
82;Femenino;Divorciado;D;22;156;15;3;Control;1
83;Masculino;Soltero;B;38;381;19;6;Migrado;0
84;Femenino;Soltero;A;20;201;16;3;Migrado;0
85;Femenino;Divorciado;A;44;254;5;5;Pospago;0
86;Masculino;Soltero;B;29;346;29;3;Pospago;1
87;Masculino;Soltero;B;37;120;35;6;Control;1
88;Femenino;Divorciado;C;40;381;21;6;Control;0
89;Masculino;Soltero;A;31;472;31;2;Migrado;0
90;Masculino;Divorciado;B;17;298;13;4;Migrado;1
91;Femenino;Divorciado;C;43;436;32;3;Pospago;0
92;Masculino;Soltero;A;40;430;6;2;Migrado;1
93;Masculino;Soltero;C;6;211;28;1;Control;1
94;Masculino;Divorciado;C;40;293;22;1;Migrado;0
95;Femenino;Divorciado;B;29;169;12;6;Pospago;1
96;Masculino;Divorciado;D;4;492;19;5;Control;1
97;Femenino;Divorciado;D;17;254;17;6;Control;1
98;Femenino;Soltero;C;45;395;25;1;Control;1
99;Femenino;Divorciado;A;0;447;25;1;Control;0
100;Femenino;Casado;D;32;47;9;4;Control;1
101;Masculino;Divorciado;A;50;324;31;1;Migrado;1
102;Femenino;Soltero;C;11;348;33;4;Pospago;1
103;Masculino;Casado;D;19;306;33;3;Control;0
104;Femenino;Casado;D;16;175;32;3;Pospago;0
105;Masculino;Divorciado;B;40;422;21;5;Pospago;0
106;Femenino;Casado;C;12;264;3;2;Pospago;0
107;Masculino;Divorciado;A;19;472;20;4;Pospago;1
108;Femenino;Soltero;D;26;111;23;4;Pospago;1
109;Masculino;Soltero;C;17;148;3;5;Migrado;1
110;Masculino;Soltero;A;33;159;28;2;Pospago;1
111;Femenino;Soltero;C;4;88;28;3;Pospago;1
112;Masculino;Soltero;D;17;176;3;5;Migrado;1
113;Femenino;Soltero;A;29;180;7;3;Migrado;1
114;Masculino;Soltero;A;24;273;32;4;Pospago;1
115;Femenino;Divorciado;B;5;200;14;4;Control;0
116;Masculino;Divorciado;D;37;60;27;5;Migrado;0
117;Masculino;Divorciado;C;31;245;4;4;Control;1
118;Masculino;Divorciado;A;33;231;11;5;Control;0
119;Masculino;Casado;A;34;403;3;4;Pospago;0
120;Masculino;Divorciado;D;20;20;28;4;Migrado;0
121;Femenino;Divorciado;C;44;120;7;3;Control;0
122;Masculino;Divorciado;B;48;294;3;5;Pospago;0
123;Masculino;Soltero;C;33;24;17;5;Pospago;1
124;Femenino;Casado;D;1;46;13;1;Pospago;0
125;Femenino;Casado;B;45;453;20;6;Control;0
126;Femenino;Casado;C;29;136;5;6;Pospago;0
127;Femenino;Soltero;C;36;478;17;5;Pospago;0
128;Femenino;Divorciado;C;38;191;34;6;Control;0
129;Femenino;Soltero;C;48;462;26;4;Pospago;0
130;Masculino;Soltero;B;28;320;3;3;Control;0
131;Masculino;Divorciado;A;21;416;36;5;Control;0
132;Femenino;Soltero;C;29;124;20;3;Control;1
133;Masculino;Casado;D;8;219;30;1;Migrado;1
134;Masculino;Divorciado;D;17;158;36;4;Pospago;0
135;Femenino;Soltero;A;23;254;29;6;Control;0
136;Femenino;Divorciado;A;38;370;31;5;Pospago;1
137;Masculino;Divorciado;D;8;422;24;2;Migrado;1
138;Masculino;Soltero;A;9;198;11;6;Migrado;0
139;Femenino;Casado;A;25;37;9;5;Migrado;0
140;Femenino;Divorciado;B;42;219;25;2;Control;0
141;Masculino;Divorciado;B;40;380;22;5;Migrado;0
142;Masculino;Casado;C;13;119;31;6;Migrado;1
143;Masculino;Soltero;B;6;91;23;2;Migrado;0
144;Femenino;Soltero;A;25;217;32;4;Migrado;0
145;Masculino;Divorciado;D;34;315;25;1;Migrado;1
146;Femenino;Divorciado;D;24;499;12;1;Control;0
147;Femenino;Soltero;A;32;297;3;3;Pospago;0
148;Femenino;Casado;D;31;383;19;4;Migrado;0
149;Femenino;Divorciado;C;41;63;16;5;Migrado;1
150;Femenino;Divorciado;A;28;219;15;5;Pospago;1
151;Masculino;Divorciado;D;41;462;18;3;Control;1
152;Masculino;Casado;B;38;23;19;2;Pospago;1
153;Femenino;Soltero;C;24;277;35;1;Pospago;0
154;Femenino;Soltero;D;47;326;32;4;Pospago;0
155;Femenino;Divorciado;D;21;432;16;6;Control;1
156;Masculino;Casado;A;3;279;19;5;Pospago;1
157;Masculino;Casado;C;45;231;21;4;Pospago;1
158;Femenino;Soltero;D;48;199;15;5;Control;0
159;Femenino;Soltero;C;12;210;18;6;Migrado;0
160;Femenino;Casado;C;36;479;8;1;Pospago;0
161;Masculino;Divorciado;A;30;306;18;4;Pospago;0
162;Masculino;Soltero;D;41;113;30;5;Migrado;1
163;Femenino;Soltero;A;22;427;36;5;Migrado;0
164;Masculino;Soltero;C;31;260;23;6;Migrado;0
165;Femenino;Divorciado;C;23;263;23;6;Control;1
166;Femenino;Divorciado;D;20;129;13;1;Control;1
167;Femenino;Divorciado;B;14;227;28;3;Migrado;1
168;Masculino;Casado;A;1;264;32;5;Pospago;1
169;Masculino;Casado;B;46;47;24;6;Migrado;1
170;Masculino;Soltero;A;42;354;14;6;Migrado;1
171;Masculino;Soltero;C;14;365;23;2;Migrado;1
172;Femenino;Soltero;B;6;54;7;4;Migrado;1
173;Femenino;Soltero;D;44;239;26;6;Pospago;1
174;Femenino;Soltero;D;3;384;6;6;Migrado;0
175;Femenino;Divorciado;C;24;320;15;5;Migrado;0
176;Masculino;Casado;C;35;77;22;3;Control;1
177;Femenino;Divorciado;B;11;423;32;5;Migrado;0
178;Femenino;Divorciado;D;21;301;36;2;Migrado;1
179;Masculino;Casado;A;35;274;35;4;Migrado;1
180;Femenino;Casado;D;18;445;26;4;Migrado;1
181;Masculino;Soltero;D;4;81;17;5;Pospago;1
182;Femenino;Soltero;B;49;425;14;1;Pospago;1
183;Masculino;Soltero;A;0;300;12;6;Control;0
184;Femenino;Divorciado;B;15;54;21;5;Pospago;1
185;Femenino;Divorciado;B;34;101;31;4;Migrado;0
186;Masculino;Soltero;C;24;442;6;5;Pospago;0
187;Masculino;Soltero;B;10;494;7;1;Migrado;1
188;Femenino;Divorciado;C;4;409;7;4;Migrado;0
189;Femenino;Soltero;B;44;419;5;6;Control;1
190;Masculino;Soltero;B;9;413;11;1;Migrado;1
191;Femenino;Divorciado;B;15;62;9;2;Pospago;0
192;Femenino;Soltero;C;16;389;25;6;Migrado;1
193;Masculino;Soltero;C;4;308;9;2;Migrado;0
194;Femenino;Casado;C;0;410;8;3;Control;1
195;Femenino;Divorciado;C;39;56;14;6;Control;1
196;Masculino;Soltero;A;44;164;17;3;Migrado;0
197;Femenino;Casado;D;44;343;28;4;Pospago;1
198;Femenino;Casado;B;44;149;17;6;Control;1
199;Masculino;Casado;B;44;332;14;3;Migrado;0
200;Masculino;Casado;C;46;209;33;1;Control;1
201;Femenino;Divorciado;B;42;70;21;5;Pospago;1
202;Masculino;Soltero;C;36;237;5;5;Migrado;0
203;Masculino;Divorciado;D;36;32;14;4;Pospago;1
204;Femenino;Divorciado;A;42;339;33;3;Pospago;1
205;Femenino;Soltero;B;8;287;36;6;Pospago;0
206;Masculino;Soltero;A;42;62;3;6;Migrado;0
207;Masculino;Divorciado;C;23;121;25;1;Control;1
208;Femenino;Divorciado;B;4;103;16;1;Migrado;1
209;Masculino;Divorciado;C;19;400;15;3;Pospago;0
210;Femenino;Casado;D;37;118;30;4;Control;0
211;Femenino;Divorciado;A;30;416;21;4;Pospago;0
212;Masculino;Casado;B;27;207;5;2;Pospago;1
213;Masculino;Soltero;B;39;474;27;1;Control;1
214;Masculino;Divorciado;C;23;188;12;1;Migrado;1
215;Masculino;Soltero;C;29;387;25;5;Pospago;0
216;Masculino;Soltero;D;1;239;12;4;Migrado;1
217;Femenino;Soltero;A;28;123;5;2;Pospago;0
218;Masculino;Soltero;A;36;343;9;6;Control;0
219;Masculino;Divorciado;B;1;312;20;5;Control;0
220;Femenino;Soltero;A;6;279;6;6;Control;1
221;Femenino;Soltero;C;4;37;16;2;Control;1
222;Femenino;Divorciado;B;23;222;28;6;Control;0
223;Femenino;Casado;A;26;132;15;4;Migrado;1
224;Femenino;Casado;B;16;452;31;6;Migrado;1
225;Femenino;Divorciado;C;27;226;8;2;Pospago;0
226;Femenino;Soltero;C;28;434;7;2;Control;1
227;Femenino;Casado;D;30;391;21;2;Pospago;0
228;Masculino;Soltero;A;16;447;23;3;Migrado;1
229;Masculino;Divorciado;D;7;209;31;3;Migrado;1
230;Femenino;Casado;C;48;352;9;5;Migrado;1
231;Femenino;Casado;C;36;295;24;5;Control;1
232;Femenino;Divorciado;C;0;449;19;2;Pospago;1
233;Femenino;Soltero;A;18;351;16;4;Migrado;1
234;Masculino;Divorciado;C;13;378;6;6;Migrado;0
235;Masculino;Casado;C;48;140;34;1;Pospago;0
236;Femenino;Soltero;B;0;168;10;5;Pospago;1
237;Femenino;Casado;D;18;381;11;2;Pospago;0
238;Femenino;Soltero;D;3;299;33;4;Migrado;0
239;Femenino;Casado;C;22;432;30;1;Pospago;0
240;Masculino;Divorciado;A;35;122;4;2;Pospago;1
241;Femenino;Soltero;C;38;482;11;3;Migrado;1
242;Femenino;Casado;D;19;89;27;4;Migrado;0
243;Masculino;Divorciado;D;23;452;24;1;Pospago;1
244;Masculino;Soltero;A;35;257;28;1;Migrado;0
245;Masculino;Soltero;C;36;270;30;5;Migrado;0
246;Masculino;Casado;A;22;295;5;2;Pospago;1
247;Masculino;Divorciado;A;18;213;9;2;Pospago;0
248;Femenino;Soltero;A;22;470;16;6;Migrado;1
249;Masculino;Soltero;C;42;292;20;4;Migrado;1
250;Masculino;Soltero;D;36;402;25;4;Migrado;1
251;Femenino;Casado;D;29;434;22;4;Control;1
252;Masculino;Soltero;B;25;243;10;4;Pospago;0
253;Femenino;Divorciado;B;34;258;25;2;Pospago;0
254;Femenino;Casado;A;28;364;21;6;Migrado;1
255;Masculino;Divorciado;A;43;400;22;6;Control;1
256;Femenino;Casado;B;13;215;4;2;Pospago;1
257;Masculino;Casado;C;39;154;25;3;Migrado;0
258;Masculino;Divorciado;B;11;411;22;1;Control;1
259;Masculino;Soltero;D;37;407;3;2;Control;1
260;Femenino;Divorciado;D;6;197;32;5;Migrado;0
261;Femenino;Soltero;D;9;324;35;2;Control;0
262;Femenino;Soltero;A;17;377;5;1;Control;0
263;Femenino;Divorciado;B;22;340;14;5;Pospago;1
264;Femenino;Soltero;D;16;170;28;3;Control;0
265;Femenino;Divorciado;A;40;125;14;4;Migrado;0
266;Femenino;Casado;C;7;259;13;6;Pospago;1
267;Masculino;Casado;B;40;211;13;6;Migrado;0
268;Masculino;Casado;A;9;412;12;3;Control;0
269;Femenino;Casado;B;44;28;4;6;Migrado;0
270;Femenino;Divorciado;B;10;163;12;1;Pospago;0
271;Masculino;Casado;B;36;498;23;6;Pospago;0
272;Femenino;Divorciado;A;11;58;19;4;Migrado;0
273;Masculino;Divorciado;D;3;77;35;5;Pospago;1
274;Femenino;Casado;D;28;326;10;2;Control;0
275;Masculino;Soltero;B;5;413;19;3;Pospago;0
276;Masculino;Divorciado;B;1;478;30;1;Control;1
277;Masculino;Soltero;B;33;445;12;6;Migrado;1
278;Femenino;Casado;B;14;450;33;5;Pospago;0
279;Masculino;Soltero;B;15;367;16;2;Control;1
280;Masculino;Divorciado;B;27;431;29;1;Migrado;1
281;Femenino;Divorciado;B;18;366;3;1;Control;1
282;Masculino;Soltero;C;32;361;14;2;Migrado;0
283;Masculino;Divorciado;B;40;423;16;6;Control;1
284;Femenino;Soltero;C;6;184;13;6;Control;1
285;Femenino;Casado;A;25;204;27;5;Pospago;0
286;Masculino;Soltero;A;15;227;16;5;Pospago;0
287;Masculino;Soltero;D;1;439;17;1;Control;0
288;Masculino;Soltero;B;13;193;6;4;Control;1
289;Femenino;Soltero;D;14;369;35;2;Control;1
290;Femenino;Divorciado;B;2;244;31;5;Pospago;1
291;Masculino;Soltero;B;21;473;12;5;Migrado;0
292;Femenino;Casado;B;1;383;10;6;Migrado;1
293;Femenino;Casado;B;30;495;15;2;Control;1
294;Femenino;Soltero;D;32;110;32;6;Control;0
295;Masculino;Casado;C;10;369;22;4;Migrado;1
296;Femenino;Casado;A;41;191;18;1;Control;1
297;Femenino;Divorciado;D;38;314;5;2;Control;1
298;Masculino;Casado;D;24;115;10;1;Migrado;0
299;Masculino;Casado;C;19;40;17;1;Control;1
300;Femenino;Divorciado;A;29;191;8;1;Migrado;1
301;Femenino;Casado;D;19;325;30;1;Pospago;0
302;Femenino;Soltero;A;12;156;33;3;Migrado;0
303;Masculino;Casado;D;39;185;35;4;Migrado;1
304;Masculino;Divorciado;B;12;354;3;3;Pospago;1
305;Femenino;Soltero;D;40;369;3;2;Pospago;1
306;Femenino;Divorciado;C;14;391;6;6;Control;0
307;Femenino;Soltero;B;33;385;24;3;Pospago;0
308;Masculino;Divorciado;A;26;131;29;4;Control;0
309;Masculino;Divorciado;C;25;61;9;5;Pospago;0
310;Masculino;Divorciado;C;9;454;9;3;Pospago;0
311;Femenino;Soltero;D;2;32;4;2;Control;1
312;Masculino;Divorciado;C;43;458;17;3;Migrado;0
313;Masculino;Soltero;C;16;404;28;2;Pospago;0
314;Masculino;Casado;C;90;424;4;1;Pospago;0
315;Masculino;Casado;D;3;318;23;3;Control;1
316;Femenino;Divorciado;C;25;440;34;3;Control;0
317;Femenino;Casado;B;29;56;35;2;Control;1
318;Femenino;Casado;D;1;47;15;5;Migrado;1
319;Femenino;Casado;B;44;147;4;6;Migrado;1
320;Masculino;Soltero;A;37;226;36;1;Pospago;1
321;Femenino;Soltero;A;31;70;33;5;Control;0
322;Femenino;Soltero;C;2;463;16;2;Control;0
323;Femenino;Divorciado;B;39;64;8;4;Control;1
324;Femenino;Casado;D;18;425;11;2;Migrado;1
325;Masculino;Soltero;D;30;347;17;4;Control;0
326;Masculino;Soltero;D;38;206;8;6;Control;1
327;Masculino;Casado;A;39;276;28;2;Pospago;1
328;Masculino;Soltero;C;18;60;23;1;Migrado;1
329;Femenino;Casado;B;50;221;18;5;Pospago;0
330;Femenino;Casado;C;18;112;3;1;Control;0
331;Femenino;Casado;D;32;263;35;6;Pospago;1
332;Masculino;Casado;D;34;174;35;3;Migrado;0
333;Masculino;Divorciado;C;30;36;35;6;Control;1
334;Masculino;Soltero;B;50;139;27;6;Migrado;1
335;Femenino;Casado;C;12;451;34;5;Pospago;1
336;Masculino;Soltero;B;10;378;13;2;Migrado;1
337;Masculino;Casado;D;40;155;35;1;Migrado;1
338;Masculino;Casado;C;31;63;35;1;Migrado;1
339;Masculino;Divorciado;B;19;34;10;4;Migrado;1
340;Femenino;Casado;B;30;245;9;2;Migrado;1
341;Masculino;Casado;A;17;294;14;5;Pospago;0
342;Femenino;Divorciado;C;16;473;8;4;Control;1
343;Masculino;Casado;C;7;87;8;5;Control;0
344;Masculino;Soltero;B;41;57;15;3;Migrado;1
345;Masculino;Divorciado;B;20;170;26;5;Migrado;1
346;Femenino;Casado;C;19;395;19;6;Pospago;1
347;Femenino;Casado;A;43;438;4;3;Migrado;1
348;Masculino;Divorciado;C;22;229;4;6;Pospago;0
349;Masculino;Soltero;D;31;208;33;2;Control;0
350;Femenino;Divorciado;B;1;137;7;6;Migrado;0
351;Masculino;Divorciado;C;20;106;14;3;Control;1
352;Masculino;Casado;C;36;453;35;3;Migrado;0
353;Masculino;Divorciado;B;5;326;13;1;Migrado;1
354;Masculino;Soltero;D;27;430;23;4;Migrado;1
355;Femenino;Divorciado;A;37;312;18;3;Pospago;0
356;Femenino;Divorciado;B;45;239;9;6;Pospago;0
357;Femenino;Divorciado;B;2;197;32;2;Migrado;1
358;Masculino;Divorciado;B;36;425;10;2;Migrado;0
359;Masculino;Casado;B;12;51;31;3;Migrado;1
360;Masculino;Soltero;D;22;306;26;2;Migrado;0
361;Masculino;Casado;A;38;39;20;6;Pospago;1
362;Masculino;Soltero;B;20;242;20;5;Control;0
363;Femenino;Casado;B;37;403;22;4;Pospago;1
364;Femenino;Divorciado;B;1;490;32;1;Control;0
365;Masculino;Casado;B;50;99;35;4;Pospago;0
366;Femenino;Divorciado;C;49;107;18;4;Control;0
367;Femenino;Divorciado;B;3;217;6;5;Pospago;1
368;Femenino;Soltero;B;40;318;22;2;Pospago;0
369;Femenino;Soltero;C;48;121;12;4;Control;1
370;Femenino;Casado;D;42;166;26;5;Migrado;1
371;Femenino;Casado;D;36;169;27;6;Control;0
372;Femenino;Divorciado;D;13;409;15;4;Migrado;0
373;Masculino;Soltero;C;41;302;6;3;Control;1
374;Masculino;Casado;B;2;253;11;1;Migrado;0
375;Femenino;Divorciado;B;32;79;21;1;Pospago;0
376;Masculino;Soltero;C;8;114;21;2;Pospago;1
377;Masculino;Divorciado;A;26;480;23;5;Pospago;0
378;Masculino;Casado;C;18;205;17;6;Control;0
379;Masculino;Soltero;C;22;49;26;2;Pospago;1
380;Femenino;Casado;B;27;272;34;2;Control;0
381;Masculino;Divorciado;D;34;493;12;6;Migrado;1
382;Femenino;Soltero;C;32;440;36;6;Migrado;0
383;Femenino;Casado;B;39;69;30;2;Control;0
384;Femenino;Casado;C;39;30;28;3;Migrado;1
385;Masculino;Divorciado;C;27;326;32;4;Migrado;0
386;Masculino;Divorciado;D;2;33;32;2;Control;0
387;Masculino;Casado;B;37;328;22;5;Pospago;1
388;Masculino;Divorciado;A;23;495;6;5;Control;0
389;Femenino;Divorciado;A;34;461;23;1;Migrado;0
390;Masculino;Divorciado;D;14;317;14;4;Control;1
391;Masculino;Casado;A;24;474;25;4;Control;1
392;Femenino;Soltero;C;12;378;35;2;Pospago;0
393;Femenino;Divorciado;A;6;347;3;2;Control;1
394;Masculino;Casado;C;44;156;28;6;Control;1
395;Femenino;Soltero;D;44;147;20;3;Migrado;1
396;Masculino;Divorciado;A;22;47;20;3;Migrado;0
397;Femenino;Soltero;A;2;184;35;2;Pospago;0
398;Femenino;Divorciado;D;24;493;9;1;Control;0
399;Femenino;Divorciado;A;23;186;21;3;Pospago;0
400;Masculino;Casado;D;18;465;7;6;Control;1
401;Femenino;Divorciado;D;41;364;19;3;Pospago;1
402;Femenino;Divorciado;D;32;457;13;6;Control;0
403;Masculino;Soltero;C;43;110;4;6;Pospago;1
404;Masculino;Casado;B;19;316;4;5;Pospago;0
405;Masculino;Divorciado;C;45;348;9;6;Control;0
406;Masculino;Casado;A;31;81;27;5;Pospago;0
407;Femenino;Casado;B;50;225;21;3;Control;0
408;Femenino;Divorciado;C;16;450;5;3;Control;1
409;Masculino;Divorciado;D;39;337;29;4;Pospago;1
410;Masculino;Soltero;D;31;205;11;5;Pospago;1
411;Masculino;Soltero;C;50;202;14;4;Control;0
412;Femenino;Divorciado;B;120;435;16;4;Pospago;1
413;Femenino;Divorciado;B;18;275;7;3;Control;1
414;Femenino;Divorciado;A;5;219;21;2;Migrado;1
415;Femenino;Casado;B;38;263;26;3;Control;0
416;Masculino;Soltero;C;0;119;30;6;Control;1
417;Masculino;Divorciado;A;2;250;11;2;Migrado;1
418;Masculino;Divorciado;C;39;87;35;3;Pospago;0
419;Femenino;Divorciado;C;10;401;20;4;Pospago;0
420;Femenino;Casado;C;11;223;34;5;Control;1
421;Femenino;Divorciado;B;37;141;36;4;Pospago;1
422;Masculino;Divorciado;B;6;78;23;4;Control;0
423;Femenino;Casado;B;13;149;5;3;Pospago;1
424;Femenino;Casado;B;26;418;27;1;Migrado;0
425;Masculino;Soltero;A;33;458;21;2;Migrado;1
426;Masculino;Casado;C;14;474;14;4;Control;1
427;Masculino;Divorciado;B;16;62;11;3;Migrado;0
428;Femenino;Divorciado;D;20;97;19;2;Migrado;0
429;Femenino;Divorciado;C;41;292;19;1;Migrado;1
430;Femenino;Casado;D;19;463;10;1;Pospago;1
431;Femenino;Casado;C;26;154;17;5;Control;1
432;Masculino;Divorciado;B;30;358;30;2;Pospago;0
433;Masculino;Casado;D;6;344;11;5;Control;1
434;Femenino;Divorciado;B;29;468;25;2;Migrado;1
435;Masculino;Divorciado;A;44;109;26;6;Migrado;1
436;Masculino;Casado;D;17;106;12;1;Pospago;1
437;Masculino;Divorciado;C;31;237;12;6;Migrado;1
438;Masculino;Soltero;C;42;346;22;1;Migrado;0
439;Masculino;Divorciado;D;12;170;3;2;Pospago;1
440;Femenino;Soltero;C;31;126;32;6;Migrado;0
441;Femenino;Soltero;C;32;313;8;5;Migrado;0
442;Masculino;Soltero;C;37;452;16;3;Pospago;1
443;Femenino;Divorciado;D;20;330;25;6;Migrado;1
444;Masculino;Casado;C;17;145;8;4;Pospago;0
445;Femenino;Divorciado;B;48;187;36;1;Pospago;1
446;Masculino;Soltero;A;40;21;16;6;Migrado;0
447;Femenino;Casado;C;13;234;18;4;Pospago;0
448;Femenino;Divorciado;A;14;93;12;4;Control;1
449;Masculino;Soltero;D;22;352;17;3;Migrado;1
450;Masculino;Soltero;B;6;212;34;4;Pospago;1
451;Femenino;Soltero;A;50;262;24;2;Pospago;0
452;Femenino;Divorciado;A;27;479;33;2;Migrado;0
453;Masculino;Divorciado;D;30;489;13;5;Migrado;0
454;Masculino;Casado;B;44;404;28;6;Control;0
455;Masculino;Divorciado;D;36;212;14;6;Pospago;0
456;Femenino;Soltero;A;8;406;21;4;Control;0
457;Femenino;Divorciado;B;5;140;27;4;Pospago;1
458;Femenino;Soltero;C;24;403;18;6;Pospago;1
459;Femenino;Soltero;A;18;473;34;2;Pospago;1
460;Femenino;Divorciado;C;4;31;9;3;Pospago;1
461;Masculino;Divorciado;D;16;347;17;5;Migrado;0
462;Masculino;Casado;D;50;303;9;6;Pospago;0
463;Masculino;Divorciado;B;37;340;27;5;Pospago;0
464;Femenino;Divorciado;C;18;321;34;6;Control;1
465;Masculino;Divorciado;A;50;86;22;3;Migrado;0
466;Femenino;Soltero;B;9;498;19;3;Pospago;1
467;Masculino;Divorciado;D;24;260;36;4;Migrado;0
468;Masculino;Divorciado;B;44;368;10;3;Control;0
469;Masculino;Divorciado;D;45;62;29;6;Migrado;0
470;Masculino;Soltero;C;47;117;6;6;Migrado;0
471;Femenino;Soltero;A;6;408;25;5;Control;1
472;Femenino;Casado;C;21;449;36;2;Control;1
473;Masculino;Divorciado;A;18;121;16;4;Migrado;1
474;Masculino;Divorciado;A;38;310;17;6;Pospago;0
475;Femenino;Divorciado;A;30;53;15;3;Migrado;1
476;Femenino;Soltero;D;3;369;32;3;Control;0
477;Femenino;Divorciado;C;30;138;36;3;Migrado;1
478;Femenino;Divorciado;A;20;327;23;4;Pospago;1
479;Masculino;Soltero;C;36;361;18;2;Migrado;0
480;Femenino;Casado;C;24;64;7;4;Pospago;1
481;Femenino;Divorciado;D;11;248;32;5;Migrado;1
482;Femenino;Divorciado;C;37;242;32;1;Pospago;1
483;Femenino;Divorciado;B;13;165;26;3;Control;1
484;Femenino;Divorciado;A;50;242;7;2;Pospago;1
485;Masculino;Divorciado;C;48;126;16;3;Control;1
486;Femenino;Soltero;C;19;113;7;6;Pospago;0
487;Masculino;Casado;B;34;33;23;3;Pospago;0
488;Masculino;Soltero;A;17;487;7;6;Control;1
489;Masculino;Divorciado;B;50;372;6;4;Control;0
490;Femenino;Divorciado;C;36;147;34;2;Pospago;0
491;Femenino;Casado;B;27;166;28;5;Migrado;0
492;Femenino;Soltero;B;13;149;21;4;Control;1
493;Masculino;Casado;C;19;236;34;2;Control;1
494;Masculino;Casado;D;38;83;36;2;Migrado;0
495;Femenino;Soltero;C;28;418;16;5;Migrado;0
496;Femenino;Divorciado;B;47;230;24;4;Migrado;0
497;Masculino;Casado;D;16;267;27;3;Migrado;1
498;Femenino;Divorciado;B;22;328;18;5;Pospago;1
499;Femenino;Divorciado;C;13;370;15;5;Pospago;1
500;Femenino;Casado;A;5;105;11;6;Control;1
501;Femenino;Soltero;B;38;429;23;2;Migrado;1
502;Femenino;Divorciado;A;33;334;32;6;Pospago;0
503;Masculino;Casado;A;39;185;21;4;Pospago;0
504;Femenino;Divorciado;C;40;251;5;6;Pospago;1
505;Masculino;Soltero;D;19;127;26;6;Pospago;1
506;Femenino;Casado;B;18;267;10;1;Pospago;0
507;Masculino;Divorciado;B;39;269;9;1;Pospago;0
508;Femenino;Soltero;B;40;236;35;6;Migrado;0
509;Masculino;Soltero;A;10;409;34;1;Control;1
510;Femenino;Soltero;C;33;446;7;6;Pospago;1
511;Masculino;Divorciado;D;11;395;27;3;Migrado;0
512;Femenino;Divorciado;A;41;478;20;4;Migrado;1
513;Masculino;Soltero;C;3;149;24;6;Pospago;0
514;Femenino;Casado;D;21;496;3;3;Migrado;1
515;Femenino;Divorciado;A;39;438;32;3;Pospago;1
516;Masculino;Soltero;D;31;95;3;1;Control;1
517;Masculino;Soltero;C;37;47;5;6;Migrado;0
518;Masculino;Divorciado;A;35;439;4;3;Pospago;0
519;Masculino;Divorciado;C;33;480;14;4;Migrado;1
520;Masculino;Casado;C;23;459;35;2;Pospago;1
521;Masculino;Casado;B;6;280;20;2;Migrado;1
522;Femenino;Divorciado;B;6;449;26;4;Control;0
523;Masculino;Soltero;D;26;439;29;2;Migrado;1
524;Masculino;Divorciado;A;3;110;16;5;Control;1
525;Masculino;Casado;A;48;330;30;2;Pospago;1
526;Masculino;Casado;C;26;474;12;3;Control;1
527;Masculino;Divorciado;C;13;202;3;1;Control;0
528;Masculino;Soltero;A;7;136;12;5;Migrado;1
529;Masculino;Divorciado;B;10;91;30;5;Control;0
530;Masculino;Soltero;D;7;153;10;4;Pospago;0
531;Femenino;Soltero;C;39;173;28;2;Pospago;0
532;Masculino;Soltero;C;47;229;25;2;Pospago;1
533;Femenino;Soltero;D;49;430;26;6;Migrado;1
534;Femenino;Soltero;D;36;495;35;6;Pospago;0
535;Femenino;Divorciado;B;38;483;16;5;Pospago;0
536;Masculino;Divorciado;D;25;223;10;2;Control;1
537;Femenino;Divorciado;C;1;216;5;1;Migrado;1
538;Masculino;Divorciado;C;9;217;9;4;Pospago;1
539;Masculino;Soltero;B;30;359;33;4;Control;1
540;Femenino;Casado;C;33;170;30;2;Control;1
541;Masculino;Casado;D;18;398;4;4;Control;1
542;Femenino;Divorciado;C;10;306;20;5;Migrado;1
543;Femenino;Divorciado;C;6;362;36;2;Pospago;1
544;Masculino;Divorciado;C;26;223;23;3;Control;0
545;Femenino;Casado;B;10;238;6;4;Pospago;1
546;Masculino;Divorciado;B;32;266;31;4;Control;0
547;Masculino;Divorciado;B;48;70;30;6;Pospago;0
548;Femenino;Divorciado;D;32;280;36;1;Migrado;0
549;Femenino;Casado;C;17;151;11;4;Migrado;1
550;Masculino;Casado;D;13;92;8;5;Migrado;0
551;Masculino;Soltero;B;20;498;26;5;Control;1
552;Masculino;Soltero;A;18;372;5;4;Pospago;1
553;Masculino;Casado;B;49;376;19;2;Control;0
554;Masculino;Soltero;A;26;302;29;2;Migrado;0
555;Femenino;Divorciado;C;5;206;25;5;Pospago;1
556;Femenino;Casado;D;10;438;13;3;Control;1
557;Femenino;Divorciado;C;21;179;35;5;Pospago;1
558;Femenino;Casado;C;45;394;3;5;Control;0
559;Femenino;Soltero;A;36;429;6;2;Control;1
560;Masculino;Soltero;A;37;476;32;1;Control;0
561;Masculino;Soltero;D;1;257;25;2;Control;1
562;Femenino;Casado;D;3;105;8;1;Migrado;1
563;Femenino;Casado;A;0;154;31;5;Pospago;1
564;Masculino;Divorciado;A;42;434;10;2;Pospago;1
565;Femenino;Casado;C;3;345;20;4;Migrado;1
566;Femenino;Casado;C;24;46;31;1;Control;0
567;Masculino;Casado;B;30;86;23;3;Control;0
568;Femenino;Divorciado;B;9;259;9;6;Migrado;0
569;Masculino;Divorciado;B;21;406;4;2;Pospago;1
570;Femenino;Divorciado;C;13;211;16;5;Control;0
571;Masculino;Soltero;A;29;412;5;3;Control;1
572;Femenino;Casado;D;27;342;11;3;Control;0
573;Masculino;Soltero;C;27;99;6;1;Migrado;1
574;Femenino;Soltero;A;3;448;23;6;Pospago;0
575;Masculino;Casado;B;24;126;27;2;Migrado;0
576;Femenino;Soltero;A;5;478;29;4;Control;0
577;Femenino;Divorciado;C;1;412;3;2;Control;0
578;Femenino;Casado;A;24;362;36;3;Pospago;1
579;Femenino;Soltero;B;39;418;7;3;Migrado;0
580;Masculino;Soltero;D;34;96;3;1;Pospago;0
581;Femenino;Divorciado;C;16;296;11;4;Control;0
582;Masculino;Soltero;C;40;373;28;2;Migrado;1
583;Masculino;Casado;A;17;102;26;2;Migrado;0
584;Masculino;Divorciado;D;12;165;17;5;Pospago;0
585;Masculino;Divorciado;A;16;202;15;5;Pospago;1
586;Femenino;Casado;A;45;456;5;3;Migrado;0
587;Femenino;Divorciado;D;29;193;3;3;Migrado;1
588;Femenino;Divorciado;B;26;460;23;6;Pospago;0
589;Masculino;Divorciado;D;42;50;27;5;Control;1
590;Femenino;Divorciado;B;10;208;29;5;Control;0
591;Femenino;Divorciado;A;3;455;35;3;Pospago;1
592;Masculino;Soltero;D;37;178;27;1;Migrado;0
593;Masculino;Divorciado;C;34;269;4;6;Control;1
594;Masculino;Casado;B;50;210;14;1;Pospago;0
595;Femenino;Casado;A;49;455;19;5;Migrado;1
596;Femenino;Casado;A;36;254;33;1;Control;0
597;Masculino;Soltero;C;3;241;9;3;Migrado;0
598;Masculino;Casado;B;0;219;9;5;Control;0
599;Masculino;Divorciado;C;39;206;32;5;Control;0
600;Masculino;Divorciado;A;5;239;26;4;Control;1
601;Masculino;Soltero;D;13;116;33;3;Migrado;0
602;Masculino;Divorciado;C;40;414;28;2;Control;1
603;Masculino;Soltero;D;3;116;30;4;Pospago;0
604;Femenino;Soltero;B;19;197;23;1;Migrado;0
605;Masculino;Divorciado;C;10;166;18;6;Control;1
606;Masculino;Casado;A;2;124;24;1;Pospago;1
607;Femenino;Casado;D;23;289;4;2;Pospago;0
608;Masculino;Divorciado;B;39;187;11;4;Control;0
609;Femenino;Divorciado;A;26;55;24;4;Pospago;1
610;Femenino;Soltero;D;31;114;11;3;Control;0
611;Masculino;Soltero;C;17;248;23;5;Control;0
612;Masculino;Casado;D;45;297;19;3;Control;0
613;Masculino;Soltero;A;1;453;29;5;Control;0
614;Masculino;Soltero;D;6;183;26;3;Pospago;0
615;Femenino;Casado;D;45;269;24;6;Control;1
616;Femenino;Soltero;B;35;371;32;3;Migrado;0
617;Masculino;Casado;B;37;457;8;6;Migrado;1
618;Femenino;Soltero;D;29;435;28;6;Control;1
619;Femenino;Divorciado;C;39;296;16;4;Pospago;0
620;Femenino;Divorciado;A;33;495;4;6;Pospago;0
621;Femenino;Divorciado;A;46;217;24;4;Control;0
622;Masculino;Divorciado;A;2;446;35;6;Migrado;0
623;Masculino;Soltero;A;5;321;32;4;Pospago;1
624;Masculino;Divorciado;A;47;169;7;2;Control;1
625;Masculino;Casado;A;21;430;34;2;Pospago;1
626;Femenino;Divorciado;A;48;159;18;4;Migrado;0
627;Masculino;Divorciado;D;14;487;35;4;Migrado;1
628;Femenino;Casado;D;19;201;22;5;Migrado;0
629;Masculino;Divorciado;C;6;447;12;3;Control;1
630;Femenino;Soltero;A;2;408;7;3;Migrado;1
631;Femenino;Soltero;C;34;215;8;2;Migrado;0
632;Femenino;Divorciado;C;25;252;10;1;Migrado;1
633;Femenino;Soltero;A;22;190;11;6;Pospago;1
634;Femenino;Casado;B;5;780;34;1;Migrado;1
635;Femenino;Soltero;D;31;176;28;4;Pospago;1
636;Femenino;Casado;A;27;494;31;5;Control;0
637;Masculino;Divorciado;C;31;477;36;5;Migrado;0
638;Femenino;Divorciado;A;39;87;6;1;Pospago;1
639;Femenino;Casado;C;5;450;16;4;Migrado;0
640;Masculino;Soltero;B;46;171;4;5;Migrado;0
641;Femenino;Divorciado;B;44;92;11;3;Pospago;0
642;Femenino;Divorciado;B;5;345;15;3;Migrado;1
643;Masculino;Casado;A;37;227;3;4;Pospago;1
644;Femenino;Soltero;B;21;22;12;6;Migrado;1
645;Femenino;Casado;A;37;243;21;5;Migrado;0
646;Femenino;Divorciado;D;10;79;18;4;Migrado;1
647;Masculino;Soltero;C;28;388;6;3;Control;0
648;Masculino;Casado;D;1;810;36;3;Control;0
649;Femenino;Soltero;D;34;304;3;6;Migrado;0
650;Masculino;Soltero;A;6;29;25;6;Pospago;1
651;Femenino;Soltero;A;35;487;23;6;Migrado;1
652;Femenino;Divorciado;C;3;160;28;5;Pospago;0
653;Femenino;Divorciado;A;37;179;14;2;Control;0
654;Femenino;Divorciado;A;4;305;5;4;Pospago;0
655;Femenino;Casado;D;21;240;29;3;Control;1
656;Femenino;Soltero;C;37;469;30;1;Migrado;0
657;Femenino;Casado;A;30;95;13;2;Pospago;0
658;Femenino;Casado;D;7;345;12;4;Pospago;0
659;Masculino;Divorciado;A;37;410;14;6;Control;1
660;Femenino;Soltero;D;27;429;28;3;Migrado;0
661;Femenino;Divorciado;A;0;340;17;4;Pospago;1
662;Femenino;Soltero;B;9;57;26;1;Migrado;0
663;Femenino;Divorciado;B;18;34;3;3;Migrado;0
664;Masculino;Divorciado;C;32;168;35;4;Migrado;1
665;Masculino;Soltero;D;13;211;34;4;Pospago;0
666;Femenino;Soltero;B;44;308;7;2;Control;1
667;Femenino;Casado;A;42;25;29;5;Pospago;1
668;Masculino;Soltero;D;3;433;28;5;Migrado;0
669;Masculino;Soltero;D;12;125;20;6;Migrado;0
670;Femenino;Soltero;C;6;321;17;3;Migrado;1
671;Masculino;Soltero;B;26;473;17;1;Control;1
672;Femenino;Divorciado;C;33;283;18;3;Control;0
673;Femenino;Casado;B;37;285;22;6;Control;1
674;Femenino;Casado;A;35;175;17;5;Control;1
675;Femenino;Casado;D;46;242;15;5;Control;1
676;Femenino;Casado;C;9;175;29;6;Pospago;0
677;Femenino;Soltero;C;11;415;22;1;Migrado;1
678;Femenino;Soltero;C;38;402;14;3;Migrado;0
679;Femenino;Divorciado;B;9;94;24;5;Pospago;0
680;Masculino;Casado;A;41;62;32;6;Control;0
681;Masculino;Divorciado;C;16;273;31;5;Pospago;1
682;Masculino;Casado;A;41;218;3;4;Pospago;1
683;Masculino;Soltero;A;24;162;9;6;Migrado;1
684;Masculino;Divorciado;D;2;148;31;2;Pospago;1
685;Masculino;Divorciado;C;10;151;17;5;Pospago;1
686;Femenino;Casado;B;22;100;25;3;Migrado;0
687;Femenino;Casado;A;0;452;28;3;Control;0
688;Masculino;Casado;B;18;420;19;2;Control;1
689;Femenino;Soltero;A;43;321;21;4;Pospago;0
690;Masculino;Casado;D;29;418;27;1;Control;1
691;Femenino;Casado;B;17;27;9;4;Pospago;0
692;Masculino;Casado;D;20;79;36;3;Control;0
693;Masculino;Casado;C;27;221;21;4;Pospago;0
694;Masculino;Casado;D;35;63;9;4;Pospago;0
695;Masculino;Divorciado;A;34;87;13;6;Control;0
696;Masculino;Casado;B;22;37;15;2;Control;0
697;Masculino;Casado;A;33;445;10;2;Pospago;0
698;Femenino;Soltero;D;44;368;4;2;Control;1
699;Femenino;Soltero;D;12;94;27;2;Migrado;0
700;Masculino;Casado;A;38;298;34;4;Control;0
701;Femenino;Casado;B;21;496;33;5;Control;1
702;Masculino;Casado;B;43;254;14;4;Migrado;0
703;Masculino;Divorciado;D;29;459;35;1;Control;1
704;Masculino;Soltero;A;24;330;8;1;Control;0
705;Femenino;Casado;D;50;98;5;1;Pospago;1
706;Masculino;Divorciado;B;4;112;14;2;Control;1
707;Masculino;Divorciado;C;17;500;5;6;Pospago;0
708;Masculino;Casado;D;25;300;7;4;Migrado;1
709;Femenino;Casado;A;39;82;24;6;Migrado;1
710;Masculino;Soltero;B;37;346;33;3;Pospago;1
711;Masculino;Soltero;C;21;314;34;4;Pospago;0
712;Femenino;Soltero;D;18;65;7;2;Migrado;0
713;Masculino;Divorciado;B;7;254;7;5;Control;0
714;Femenino;Soltero;B;42;456;25;6;Migrado;1
715;Masculino;Soltero;B;9;82;22;2;Migrado;0
716;Femenino;Divorciado;B;16;107;9;6;Control;0
717;Femenino;Soltero;B;8;452;34;5;Migrado;0
718;Femenino;Soltero;B;50;487;18;2;Control;0
719;Femenino;Soltero;C;41;206;20;2;Pospago;1
720;Masculino;Casado;A;39;56;34;3;Pospago;1
721;Femenino;Divorciado;D;35;230;36;5;Pospago;1
722;Masculino;Divorciado;B;43;173;21;3;Control;1
723;Femenino;Divorciado;B;10;62;34;1;Control;1
724;Masculino;Casado;D;39;318;22;5;Migrado;1
725;Femenino;Casado;B;30;107;13;6;Pospago;0
726;Femenino;Soltero;A;47;185;3;5;Migrado;0
727;Femenino;Divorciado;A;14;194;14;1;Control;1
728;Masculino;Divorciado;B;25;172;19;4;Migrado;0
729;Femenino;Casado;A;46;486;22;6;Control;1
730;Masculino;Divorciado;C;19;62;6;4;Migrado;0
731;Femenino;Soltero;D;44;448;20;6;Control;0
732;Masculino;Divorciado;D;20;82;34;1;Pospago;0
733;Masculino;Soltero;B;25;206;21;5;Pospago;0
734;Masculino;Divorciado;A;38;96;24;2;Control;1
735;Femenino;Casado;B;40;467;34;5;Control;0
736;Femenino;Divorciado;A;45;279;19;3;Control;1
737;Masculino;Casado;A;27;161;29;3;Migrado;1
738;Masculino;Casado;A;24;353;26;1;Migrado;1
739;Femenino;Divorciado;B;29;399;36;6;Control;1
740;Femenino;Soltero;B;13;401;27;2;Control;1
741;Femenino;Divorciado;D;30;471;9;3;Pospago;0
742;Masculino;Divorciado;C;49;471;33;5;Control;1
743;Masculino;Divorciado;A;15;382;36;2;Migrado;0
744;Femenino;Casado;B;26;301;20;5;Control;1
745;Masculino;Casado;A;44;465;6;6;Pospago;0
746;Femenino;Divorciado;D;22;147;31;2;Pospago;0
747;Femenino;Soltero;C;20;287;36;4;Control;1
748;Femenino;Soltero;B;13;306;18;1;Control;1
749;Femenino;Soltero;B;46;471;17;2;Migrado;1
750;Femenino;Soltero;C;8;354;22;3;Control;0
751;Masculino;Divorciado;D;29;79;23;4;Control;1
752;Femenino;Soltero;B;15;259;13;6;Migrado;1
753;Masculino;Casado;C;7;422;23;4;Migrado;1
754;Femenino;Casado;C;22;464;26;5;Pospago;1
755;Masculino;Casado;B;32;102;8;3;Control;1
756;Femenino;Casado;A;42;426;30;6;Migrado;1
757;Femenino;Soltero;D;16;367;3;1;Control;0
758;Masculino;Divorciado;D;29;337;29;5;Pospago;1
759;Femenino;Divorciado;D;12;367;18;2;Pospago;0
760;Masculino;Casado;D;42;324;11;1;Control;0
761;Femenino;Divorciado;D;32;168;23;2;Control;1
762;Masculino;Soltero;A;15;178;34;5;Pospago;0
763;Femenino;Divorciado;C;39;439;33;2;Pospago;1
764;Masculino;Divorciado;B;31;307;30;1;Migrado;0
765;Masculino;Divorciado;C;44;369;10;2;Migrado;0
766;Femenino;Divorciado;B;10;392;12;6;Migrado;1
767;Femenino;Soltero;D;28;318;26;1;Control;0
768;Femenino;Casado;D;38;24;23;4;Pospago;1
769;Femenino;Casado;B;7;328;14;1;Pospago;0
770;Femenino;Soltero;B;11;273;28;6;Pospago;0
771;Femenino;Divorciado;B;47;45;6;4;Control;0
772;Masculino;Casado;C;16;344;19;3;Pospago;0
773;Femenino;Divorciado;D;47;488;14;2;Pospago;1
774;Masculino;Casado;C;12;85;28;3;Migrado;1
775;Femenino;Casado;C;47;184;3;2;Control;1
776;Masculino;Divorciado;D;12;280;13;1;Control;1
777;Masculino;Casado;D;39;72;35;2;Pospago;0
778;Masculino;Casado;C;43;432;22;2;Migrado;0
779;Masculino;Casado;C;20;320;12;3;Migrado;1
780;Masculino;Casado;B;44;449;34;5;Migrado;0
781;Femenino;Casado;D;33;152;9;3;Pospago;1
782;Masculino;Soltero;D;20;214;28;2;Pospago;1
783;Masculino;Divorciado;A;20;257;13;1;Pospago;1
784;Femenino;Casado;C;34;145;16;5;Migrado;0
785;Masculino;Soltero;A;19;55;9;6;Migrado;1
786;Femenino;Divorciado;B;5;129;32;3;Pospago;1
787;Masculino;Soltero;A;8;58;23;3;Pospago;1
788;Masculino;Casado;D;25;142;23;3;Pospago;0
789;Femenino;Casado;A;5;222;10;2;Migrado;0
790;Masculino;Divorciado;A;35;138;17;3;Pospago;1
791;Masculino;Casado;C;29;367;11;1;Pospago;0
792;Masculino;Divorciado;D;34;33;5;6;Control;0
793;Masculino;Casado;C;6;260;8;5;Pospago;0
794;Femenino;Casado;B;35;105;8;1;Control;1
795;Femenino;Casado;D;26;132;34;6;Pospago;1
796;Masculino;Soltero;B;5;211;15;4;Pospago;0
797;Masculino;Casado;B;43;34;11;6;Control;1
798;Masculino;Divorciado;A;19;131;4;6;Migrado;1
799;Femenino;Casado;B;49;414;28;3;Migrado;0
800;Masculino;Divorciado;A;34;424;25;2;Migrado;0
801;Masculino;Casado;A;28;185;30;1;Control;1
802;Masculino;Soltero;B;22;251;35;3;Control;1
803;Masculino;Divorciado;C;5;88;26;5;Control;0
804;Femenino;Soltero;C;3;86;29;3;Pospago;1
805;Masculino;Divorciado;B;15;462;9;2;Pospago;1
806;Masculino;Soltero;C;34;221;21;6;Pospago;1
807;Femenino;Casado;C;35;103;22;4;Control;0
808;Masculino;Soltero;D;9;68;13;6;Control;0
809;Femenino;Soltero;A;1;330;36;5;Migrado;0
810;Masculino;Casado;B;50;342;29;1;Control;1
811;Femenino;Casado;D;2;253;18;1;Pospago;1
812;Femenino;Casado;A;7;328;35;2;Pospago;0
813;Masculino;Soltero;B;37;336;22;3;Pospago;1
814;Femenino;Soltero;A;13;234;28;1;Migrado;0
815;Femenino;Divorciado;A;47;450;35;2;Control;0
816;Masculino;Casado;B;28;235;23;1;Control;1
817;Femenino;Casado;B;4;485;28;1;Control;1
818;Masculino;Soltero;B;32;412;18;4;Migrado;0
819;Masculino;Divorciado;C;13;66;10;6;Migrado;0
820;Femenino;Divorciado;D;25;320;22;4;Pospago;0
821;Femenino;Casado;B;50;256;28;3;Pospago;0
822;Femenino;Divorciado;C;27;357;9;2;Pospago;0
823;Femenino;Casado;C;14;255;32;4;Control;1
824;Femenino;Soltero;B;33;427;30;6;Pospago;0
825;Masculino;Soltero;A;44;111;9;6;Pospago;0
826;Femenino;Divorciado;A;39;232;17;4;Migrado;1
827;Masculino;Soltero;C;17;64;7;2;Migrado;1
828;Masculino;Soltero;C;2;428;15;6;Control;1
829;Masculino;Divorciado;D;24;486;19;2;Control;0
830;Masculino;Casado;C;17;181;34;3;Pospago;0
831;Masculino;Casado;C;34;384;9;5;Pospago;1
832;Masculino;Divorciado;B;40;369;33;5;Control;0
833;Masculino;Casado;C;43;121;14;1;Control;1
834;Masculino;Casado;A;39;269;12;3;Migrado;0
835;Femenino;Casado;B;46;87;27;2;Migrado;1
836;Femenino;Soltero;C;24;377;31;2;Pospago;0
837;Femenino;Casado;A;16;94;24;4;Control;1
838;Femenino;Casado;C;2;272;35;5;Migrado;1
839;Femenino;Soltero;D;16;475;16;3;Migrado;1
840;Femenino;Casado;A;26;288;29;4;Pospago;1
841;Masculino;Divorciado;D;20;341;6;1;Control;0
842;Femenino;Casado;D;47;175;11;5;Pospago;0
843;Masculino;Casado;B;14;250;21;2;Migrado;0
844;Masculino;Divorciado;A;26;240;36;5;Pospago;1
845;Masculino;Soltero;C;7;321;13;6;Pospago;0
846;Masculino;Divorciado;B;28;440;3;6;Control;1
847;Masculino;Soltero;C;44;242;27;1;Migrado;1
848;Masculino;Casado;B;30;186;34;4;Migrado;0
849;Masculino;Soltero;C;50;383;24;6;Control;0
850;Masculino;Soltero;A;43;54;36;5;Migrado;1
851;Masculino;Divorciado;C;25;68;25;1;Pospago;0
852;Masculino;Casado;B;37;210;5;4;Migrado;0
853;Masculino;Soltero;A;6;68;28;5;Migrado;1
854;Masculino;Casado;A;7;236;26;5;Pospago;0
855;Masculino;Casado;C;20;62;6;3;Pospago;1
856;Masculino;Soltero;A;29;380;26;3;Migrado;0
857;Masculino;Divorciado;D;12;499;22;6;Control;1
858;Femenino;Soltero;C;15;225;7;2;Pospago;0
859;Femenino;Divorciado;B;27;237;35;2;Pospago;1
860;Masculino;Divorciado;A;30;445;34;5;Pospago;0
861;Masculino;Casado;B;26;467;7;3;Migrado;1
862;Femenino;Divorciado;C;5;406;31;6;Control;1
863;Femenino;Casado;A;18;382;22;6;Migrado;1
864;Femenino;Casado;A;4;416;5;6;Migrado;1
865;Masculino;Divorciado;C;13;29;10;3;Pospago;1
866;Masculino;Soltero;A;49;74;17;5;Pospago;1
867;Masculino;Casado;B;44;213;20;1;Control;0
868;Masculino;Casado;C;2;287;4;6;Migrado;1
869;Femenino;Divorciado;C;18;150;4;6;Pospago;0
870;Femenino;Casado;A;48;465;10;2;Pospago;1
871;Femenino;Divorciado;C;45;415;23;4;Control;0
872;Masculino;Divorciado;C;3;422;29;4;Migrado;1
873;Femenino;Casado;D;2;449;22;3;Migrado;0
874;Masculino;Divorciado;C;14;310;12;2;Pospago;0
875;Masculino;Soltero;B;10;305;30;5;Migrado;0
876;Femenino;Divorciado;B;45;208;16;2;Migrado;0
877;Femenino;Soltero;C;24;186;32;5;Pospago;0
878;Femenino;Divorciado;C;15;117;31;1;Migrado;1
879;Femenino;Divorciado;B;43;142;22;2;Migrado;1
880;Femenino;Casado;B;21;330;31;4;Pospago;0
881;Femenino;Casado;D;34;265;4;1;Control;1
882;Masculino;Soltero;B;49;132;35;1;Migrado;1
883;Femenino;Divorciado;D;33;197;20;6;Pospago;0
884;Femenino;Casado;B;37;258;29;6;Migrado;1
885;Masculino;Casado;A;50;438;20;6;Migrado;0
886;Masculino;Casado;A;46;483;3;3;Pospago;1
887;Masculino;Casado;A;39;190;4;5;Control;1
888;Masculino;Casado;A;36;394;3;5;Pospago;0
889;Femenino;Divorciado;A;8;51;4;6;Control;1
890;Femenino;Casado;A;13;139;15;1;Pospago;1
891;Masculino;Casado;B;25;121;30;1;Migrado;0
892;Masculino;Soltero;A;40;163;32;1;Pospago;1
893;Masculino;Casado;D;31;60;26;3;Migrado;0
894;Masculino;Casado;B;35;302;3;5;Migrado;0
895;Masculino;Soltero;D;36;63;9;6;Control;0
896;Femenino;Soltero;D;5;40;34;3;Control;0
897;Masculino;Divorciado;D;2;35;10;2;Pospago;0
898;Masculino;Divorciado;C;7;215;10;1;Migrado;0
899;Masculino;Casado;B;10;54;6;4;Migrado;0
900;Masculino;Soltero;A;2;153;3;2;Pospago;0
901;Femenino;Soltero;D;3;243;17;1;Pospago;0
902;Femenino;Casado;D;29;436;14;5;Control;0
903;Masculino;Soltero;D;17;55;33;3;Migrado;0
904;Masculino;Divorciado;A;2;424;27;5;Control;1
905;Femenino;Casado;A;41;276;24;5;Migrado;1
906;Masculino;Divorciado;D;14;49;33;4;Control;1
907;Masculino;Soltero;B;17;470;5;2;Pospago;1
908;Femenino;Casado;D;27;34;26;6;Migrado;0
909;Masculino;Casado;D;20;476;9;2;Migrado;1
910;Femenino;Soltero;A;46;252;30;3;Control;1
911;Masculino;Casado;A;36;271;28;1;Pospago;0
912;Masculino;Soltero;C;26;148;34;1;Control;1
913;Femenino;Soltero;C;47;425;16;5;Pospago;0
914;Masculino;Divorciado;B;24;247;36;4;Migrado;0
915;Masculino;Soltero;D;9;479;32;4;Pospago;1
916;Masculino;Casado;D;32;399;6;3;Pospago;1
917;Femenino;Casado;D;3;193;15;6;Pospago;0
918;Femenino;Casado;A;21;335;24;5;Pospago;1
919;Masculino;Soltero;A;19;356;5;5;Control;1
920;Masculino;Casado;B;20;77;8;3;Migrado;1
921;Masculino;Divorciado;C;13;97;19;3;Control;1
922;Masculino;Divorciado;B;26;21;21;3;Pospago;0
923;Femenino;Soltero;B;13;127;10;4;Control;0
924;Femenino;Casado;B;0;227;21;4;Pospago;0
925;Masculino;Casado;D;16;109;25;4;Migrado;0
926;Femenino;Soltero;D;38;52;29;4;Migrado;1
927;Femenino;Casado;B;18;56;35;2;Control;1
928;Masculino;Soltero;A;45;393;24;5;Control;1
929;Masculino;Soltero;C;35;67;6;2;Migrado;1
930;Masculino;Casado;B;43;222;12;1;Migrado;1
931;Femenino;Casado;B;42;152;13;1;Migrado;0
932;Masculino;Divorciado;D;47;281;32;4;Pospago;1
933;Masculino;Divorciado;B;41;170;13;4;Control;0
934;Masculino;Soltero;A;47;482;27;3;Pospago;0
935;Femenino;Soltero;D;49;150;6;2;Control;1
936;Masculino;Casado;D;42;167;32;1;Pospago;0
937;Masculino;Soltero;B;4;287;19;2;Pospago;1
938;Femenino;Soltero;A;26;387;32;5;Control;0
939;Masculino;Soltero;D;10;261;25;6;Pospago;1
940;Femenino;Divorciado;D;24;129;14;4;Migrado;1
941;Femenino;Divorciado;C;20;303;10;1;Pospago;1
942;Masculino;Soltero;B;46;68;21;6;Control;1
943;Femenino;Soltero;B;48;70;32;4;Pospago;1
944;Femenino;Soltero;B;38;380;11;6;Control;0
945;Masculino;Soltero;A;1;28;31;1;Migrado;1
946;Femenino;Soltero;A;41;196;24;2;Migrado;1
947;Femenino;Casado;B;7;441;27;5;Pospago;0
948;Femenino;Divorciado;C;25;394;16;4;Migrado;0
949;Femenino;Soltero;D;36;28;21;6;Pospago;1
950;Masculino;Soltero;B;25;498;7;5;Migrado;1
951;Femenino;Soltero;B;28;477;27;2;Control;1
952;Masculino;Soltero;C;0;60;15;4;Migrado;0
953;Femenino;Soltero;A;3;73;27;6;Control;1
954;Femenino;Divorciado;B;40;292;10;5;Pospago;1
955;Masculino;Casado;A;2;180;3;4;Migrado;0
956;Femenino;Soltero;C;25;338;8;3;Control;0
957;Masculino;Casado;D;27;402;6;3;Migrado;1
958;Femenino;Divorciado;B;15;186;28;5;Control;1
959;Femenino;Soltero;B;10;294;25;3;Control;1
960;Masculino;Soltero;D;47;95;7;3;Migrado;0
961;Femenino;Divorciado;D;42;407;31;5;Control;0
962;Masculino;Soltero;C;26;214;13;2;Migrado;0
963;Femenino;Casado;C;29;206;29;5;Migrado;0
964;Masculino;Casado;C;47;412;33;3;Pospago;0
965;Femenino;Soltero;C;8;92;18;2;Pospago;0
966;Masculino;Casado;D;10;165;36;4;Pospago;0
967;Femenino;Divorciado;B;12;228;15;1;Pospago;1
968;Masculino;Casado;C;10;208;7;6;Pospago;1
969;Masculino;Soltero;B;24;159;34;1;Migrado;1
970;Femenino;Casado;D;3;290;15;1;Migrado;1
971;Masculino;Divorciado;A;25;454;7;4;Pospago;0
972;Femenino;Casado;D;44;39;35;6;Migrado;0
973;Femenino;Soltero;C;36;224;26;3;Pospago;0
974;Femenino;Divorciado;A;25;369;32;5;Migrado;0
975;Masculino;Casado;A;47;341;31;6;Pospago;0
976;Masculino;Soltero;D;8;254;31;1;Migrado;0
977;Masculino;Soltero;C;20;211;23;1;Control;0
978;Femenino;Divorciado;C;2;340;29;1;Pospago;1
979;Masculino;Soltero;A;36;407;5;2;Migrado;0
980;Femenino;Soltero;B;16;467;35;6;Control;0
981;Masculino;Soltero;A;46;181;6;2;Control;0
982;Femenino;Divorciado;B;41;287;16;4;Control;0
983;Masculino;Divorciado;D;3;168;15;5;Pospago;0
984;Femenino;Soltero;D;22;363;34;6;Migrado;0
985;Femenino;Casado;A;30;289;29;1;Migrado;1
986;Masculino;Casado;C;36;90;11;3;Migrado;1
987;Femenino;Soltero;D;15;199;14;2;Migrado;1
988;Femenino;Casado;B;46;258;31;1;Migrado;0
989;Femenino;Divorciado;D;45;147;36;5;Migrado;0
990;Masculino;Soltero;C;21;285;19;2;Control;1
991;Masculino;Soltero;B;30;57;29;1;Migrado;0
992;Femenino;Soltero;D;42;74;30;1;Pospago;0
993;Femenino;Soltero;C;37;379;18;5;Migrado;1
994;Femenino;Soltero;C;6;405;35;6;Control;0
995;Masculino;Divorciado;D;24;240;31;1;Migrado;1
996;Femenino;Casado;C;6;200;30;5;Pospago;0
997;Femenino;Soltero;C;37;228;36;2;Pospago;1
998;Femenino;Soltero;C;20;327;6;4;Migrado;0
999;Masculino;Casado;B;45;109;19;1;Control;0
1000;Masculino;Soltero;D;5;246;6;6;Control;0
